{
  "TestFunction": {
    "REDIS_HOST": "redis",
    "REDIS_PORT": "6379",
    "REDIS_PASSWORD": "",
    "DB_HOST": "mysql",
    "DB_USER": "lambda_user",
    "DB_PASSWORD": "lambda_password",
    "DB_NAME": "jankendb",
    "AWS_SAM_LOCAL": "true"
  },
  "GetUserFunction": {
    "REDIS_HOST": "redis",
    "REDIS_PORT": "6379",
    "REDIS_PASSWORD": "",
    "DB_HOST": "mysql",
    "DB_USER": "lambda_user",
    "DB_PASSWORD": "lambda_password",
    "DB_NAME": "jankendb",
    "AWS_SAM_LOCAL": "true"
  },
  "CreateUserFunction": {
    "REDIS_HOST": "redis",
    "REDIS_PORT": "6379",
    "REDIS_PASSWORD": "",
    "DB_HOST": "mysql",
    "DB_USER": "lambda_user",
    "DB_PASSWORD": "lambda_password",
    "DB_NAME": "jankendb",
    "AWS_SAM_LOCAL": "true"
  },
  "UserFunction": {
    "REDIS_HOST": "redis",
    "REDIS_PORT": "6379",
    "REDIS_PASSWORD": "",
    "DB_HOST": "mysql",
    "DB_USER": "lambda_user",
    "DB_PASSWORD": "lambda_password",
    "DB_NAME": "jankendb",
    "AWS_SAM_LOCAL": "true"
  },
  "UserStatsFunction": {
    "REDIS_HOST": "redis",
    "REDIS_PORT": "6379",
    "REDIS_PASSWORD": "",
    "DB_HOST": "mysql",
    "DB_USER": "lambda_user",
    "DB_PASSWORD": "lambda_password",
    "DB_NAME": "jankendb",
    "AWS_SAM_LOCAL": "true"
  },
  "HandFunction": {
    "REDIS_HOST": "redis",
    "REDIS_PORT": "6379",
    "REDIS_PASSWORD": "",
    "DB_HOST": "mysql",
    "DB_USER": "lambda_user",
    "DB_PASSWORD": "lambda_password",
    "DB_NAME": "jankendb",
    "AWS_SAM_LOCAL": "true",
    "MAX_DRAW_COUNT": "3"
  },
  "JudgeFunction": {
    "REDIS_HOST": "redis",
    "REDIS_PORT": "6379",
    "REDIS_PASSWORD": "",
    "DB_HOST": "mysql",
    "DB_USER": "lambda_user",
    "DB_PASSWORD": "lambda_password",
    "DB_NAME": "jankendb",
    "AWS_SAM_LOCAL": "true",
    "MAX_DRAW_COUNT": "3"
  },
  "RegisterFunction": {
    "REDIS_HOST": "redis",
    "REDIS_PORT": "6379",
    "REDIS_PASSWORD": "",
    "DB_HOST": "mysql",
    "DB_USER": "lambda_user",
    "DB_PASSWORD": "lambda_password",
    "DB_NAME": "jankendb",
    "S3_REGION": "ap-northeast-3",
    "S3_BUCKET": "god-hand-images",
    "AWS_SAM_LOCAL": "true",
    "MAX_DRAW_COUNT": "3"
  }
} 